{
"lengthUnit": "mil",
"components": {
	"fields": ["COMPONENT_NO", "COMPONENT_NAME", "LAYER", "X_COORDINATE", "Y_COORDINATE", "ANGLE"],
	"rows": [
		[1, "C4", "T", 430, -195, 90],
		[2, "C5", "T", 1435, -1215, 180],
		[3, "C6", "T", 1435, -1410, 180],
		[4, "C7", "T", 1435, -1315, 180],
		[5, "C8", "T", 1435, -1505, 180],
		[6, "C9", "T", 120, -1325, 270],
		[7, "C13", "T", 3420, -215, 90],
		[8, "C14", "T", 3440, -1030, 90],
		[9, "C15", "T", 3430, -1365, 90],
		[10, "C16", "T", 3420, -2165, 90],
		[11, "C17", "T", 3595, -180, 90],
		[12, "C18", "T", 3610, -1060, 90],
		[13, "C19", "T", 3690, -330, 0],
		[14, "C20", "T", 3695, -930, 180],
		[15, "C21", "T", 3590, -1330, 90],
		[16, "C22", "T", 3585, -2195, 90],
		[17, "C23", "T", 3700, -2090, 180],
		[18, "C24", "T", 3700, -1515, 0],
		[19, "C25", "T", 1545, -2865, 0],
		[20, "C26", "T", 3425, -2695, 90],
		[21, "C29", "T", 3425, -3385, 90],
		[22, "C30", "T", 3600, -2660, 90],
		[23, "C32", "T", 3735, -2760, 0],
		[24, "C35", "T", 3595, -3415, 90],
		[25, "C36", "T", 3735, -3330, 180],
		[26, "C43", "T", 945, -2305, 0],
		[27, "C44", "T", 575, -2590, 270],
		[28, "C45", "T", 1520, -2375, 180],
		[29, "C46", "T", 1520, -2455, 180],
		[30, "C47", "B", 250, -3500, 0],
		[31, "C48", "B", 225, -3620, 270],
		[32, "C49", "B", 1245, -3470, 180],
		[33, "C50", "B", 1030, -3345, 270],
		[34, "C51", "B", 355, -3655, 180],
		[35, "C52", "T", 2275, -1230, 270],
		[36, "C53", "T", 2275, -1370, 90],
		[37, "C54", "T", 2350.12, -2387.22, 270],
		[38, "C55", "T", 2275, -1650, 90],
		[39, "C56", "T", 2275, -1500, 270],
		[40, "C57", "T", 2350.12, -2508.17, 90],
		[41, "C58", "T", 2350.12, -2629.12, 270],
		[42, "C59", "T", 2350.12, -2750.07, 90],
		[43, "C60", "T", 2077.21, -2787.96, 0],
		[44, "C61", "T", 2076.6, -2256.13, 0],
		[45, "C62", "T", 2080.13, -1670.48, 0],
		[46, "C63", "T", 2082.98, -1142.37, 0],
		[47, "C64", "T", 2082.98, -1067.37, 0],
		[48, "C65", "T", 2080.13, -1740.48, 0],
		[49, "C66", "T", 2079.23, -2180.99, 0],
		[50, "C67", "T", 2077.65, -2862.57, 0],
		[51, "C68", "T", 1900, -230, 90],
		[52, "C69", "T", 2325, -230, 90],
		[53, "C70", "T", 1920, -3705, 270],
		[54, "C71", "T", 2345, -3700, 270],
		[55, "D1", "T", 970, -3855, 0],
		[56, "LED1", "T", 110, -520, 0],
		[57, "LED2", "T", 110, -600, 0],
		[58, "LED3", "T", 110, -725, 0],
		[59, "LED4", "T", 110, -805, 0],
		[60, "Q1", "T", 445, -1425, 0],
		[61, "Q2", "T", 1015, -2860, 0],
		[62, "R1", "T", 1009.94, -447.81, 90],
		[63, "R2", "T", 1015, -855, 90],
		[64, "R3", "T", 1114.94, -447.81, 90],
		[65, "R4", "T", 285.73, -1320.35, 90],
		[66, "R5", "T", 240, -1535, 90],
		[67, "R6", "T", 480, -1565, 90],
		[68, "R7", "T", 3455, -565, 90],
		[69, "R8", "T", 3455, -665, 90],
		[70, "R9", "T", 3430, -1705, 90],
		[71, "R10", "T", 3430, -1820, 90],
		[72, "R12", "T", 3535, -2925, 90],
		[73, "R15", "T", 3535, -3075, 90],
		[74, "R16", "T", 940, -2150, 0],
		[75, "R17", "T", 795, -3070, 0],
		[76, "R18", "T", 800, -3225, 0],
		[77, "R19", "T", 795, -2900, 0],
		[78, "R20", "T", 791.97, -2482.5, 90],
		[79, "R21", "T", 790, -2665, 90],
		[80, "R22", "T", 475, -1820, 90],
		[81, "R23", "T", 585, -1820, 90],
		[82, "R34", "T", 345, -805, 180],
		[83, "R35", "T", 345, -520, 0],
		[84, "R36", "T", 345, -600, 0],
		[85, "R37", "T", 345, -725, 180],
		[86, "R38", "T", 615, -3205, 270],
		[87, "R39", "B", 140, -3730, 0],
		[88, "R40", "B", 1675, -3685, 0],
		[89, "R41", "B", 475, -3220, 0],
		[90, "R42", "B", 625, -3555, 180],
		[91, "R43", "T", 625, -3630, 180],
		[92, "R44", "T", 502.39, -3821.26, 90],
		[93, "R45", "B", 215, -3375, 270],
		[94, "R46", "B", 910, -3310, 0],
		[95, "R47", "T", 1825, -1915, 270],
		[96, "SW1", "T", 175, -1785, 90],
		[97, "U1", "T", 1970, -1400, 270],
		[98, "U2", "T", 1970, -2525, 270],
		[99, "U3", "T", 155, -210, 90],
		[100, "U4", "T", 230, -1040, 0],
		[101, "U22", "T", 225, -2410, 0],
		[102, "U23", "T", 160, -2070, 90],
		[103, "U24", "T", 2995, -415, 0],
		[104, "U25", "T", 2995, -1000, 0],
		[105, "U26", "T", 2995, -1620, 0],
		[106, "U27", "T", 2995, -2225, 0],
		[107, "U28", "T", 2995, -2825, 0],
		[108, "U29", "T", 2990, -3445, 0],
		[109, "U30", "T", 3770, -3045, 270],
		[110, "U31", "T", 1945, -1335, 0],
		[111, "U32", "T", 1945, -2770, 0],
		[112, "U34", "T", 690, -635, 180],
		[113, "U35", "B", 625, -3375, 270],
		[114, "U36", "B", 340, -3375, 90],
		[115, "U37", "B", 1235, -3345, 270],
		[116, "U38", "B", 755, -3155, 90],
		[117, "U41", "B", 1045, -3215, 270],
		[118, "U42", "T", 3775, -620, 270],
		[119, "U43", "T", 3780, -1795, 270],
		[120, "USB1", "T", 1375, -3765, 270]
	]
},
"pins": {
	"fields": ["PIN_NO", "PIN_NAME", "PIN_X", "PIN_Y", "LAYER", "PIN_TYPE", "NET_NAME", "NET_TYPE", "PAD_SHAPE", "PAD_SIZEX", "PAD_SIZEY", "HOLE_SIZE", "PAD_ANGLE"],
	"rows": [
		[1, "C4_1", 430, -234.37, "T", "SMD", "GND", "GND", "R", 55.51, 53.15, 0, 90],
		[2, "C4_2", 430, -155.63, "T", "SMD", "PVCC", "", "R", 55.51, 53.15, 0, 90],
		[3, "C5_1", 1462.56, -1215, "T", "SMD", "$1N2219", "", "R", 31.5, 35.43, 0, 180],
		[4, "C5_2", 1407.44, -1215, "T", "SMD", "IN_P_RIGHT", "", "R", 31.5, 35.43, 0, 180],
		[5, "C6_1", 1462.56, -1410, "T", "SMD", "$1N2228", "", "R", 31.5, 35.43, 0, 180],
		[6, "C6_2", 1407.44, -1410, "T", "SMD", "AGND", "", "R", 31.5, 35.43, 0, 180],
		[7, "C7_1", 1462.56, -1315, "T", "SMD", "$1N2235", "", "R", 31.5, 35.43, 0, 180],
		[8, "C7_2", 1407.44, -1315, "T", "SMD", "IN_P_LEFT", "", "R", 31.5, 35.43, 0, 180],
		[9, "C8_1", 1462.56, -1505, "T", "SMD", "$1N2241", "", "R", 31.5, 35.43, 0, 180],
		[10, "C8_2", 1407.44, -1505, "T", "SMD", "AGND", "", "R", 31.5, 35.43, 0, 180],
		[11, "C9_1", 120, -1297.44, "T", "SMD", "$1N2981", "", "R", 31.5, 35.43, 0, 270],
		[12, "C9_2", 120, -1352.56, "T", "SMD", "GND", "GND", "R", 31.5, 35.43, 0, 270],
		[13, "C13_1", 3420, -277.7, "T", "SMD", "GND", "GND", "R", 58.47, 68.03, 0, 90],
		[14, "C13_2", 3420, -152.3, "T", "SMD", "OUT_R+", "", "R", 58.47, 68.03, 0, 90],
		[15, "C14_1", 3440, -1092.7, "T", "SMD", "OUT_R-", "", "R", 58.47, 68.03, 0, 90],
		[16, "C14_2", 3440, -967.3, "T", "SMD", "GND", "GND", "R", 58.47, 68.03, 0, 90],
		[17, "C15_1", 3430, -1427.7, "T", "SMD", "GND", "GND", "R", 58.47, 68.03, 0, 90],
		[18, "C15_2", 3430, -1302.3, "T", "SMD", "OUT_L-", "", "R", 58.47, 68.03, 0, 90],
		[19, "C16_1", 3420, -2227.7, "T", "SMD", "OUT_L+", "", "R", 58.47, 68.03, 0, 90],
		[20, "C16_2", 3420, -2102.3, "T", "SMD", "GND", "GND", "R", 58.47, 68.03, 0, 90],
		[21, "C17_1", 3595, -207.56, "T", "SMD", "GND", "GND", "R", 31.5, 35.43, 0, 90],
		[22, "C17_2", 3595, -152.44, "T", "SMD", "OUT_R+", "", "R", 31.5, 35.43, 0, 90],
		[23, "C18_1", 3610, -1087.56, "T", "SMD", "OUT_R-", "", "R", 31.5, 35.43, 0, 90],
		[24, "C18_2", 3610, -1032.44, "T", "SMD", "GND", "GND", "R", 31.5, 35.43, 0, 90],
		[25, "C19_1", 3650.63, -330, "T", "SMD", "$1N4665", "", "R", 55.51, 53.15, 0, 0],
		[26, "C19_2", 3729.37, -330, "T", "SMD", "OUT_R+", "", "R", 55.51, 53.15, 0, 0],
		[27, "C20_1", 3734.37, -930, "T", "SMD", "OUT_R-", "", "R", 55.51, 53.15, 0, 180],
		[28, "C20_2", 3655.63, -930, "T", "SMD", "$1N4702", "", "R", 55.51, 53.15, 0, 180],
		[29, "C21_1", 3590, -1357.56, "T", "SMD", "GND", "GND", "R", 31.5, 35.43, 0, 90],
		[30, "C21_2", 3590, -1302.44, "T", "SMD", "OUT_L-", "", "R", 31.5, 35.43, 0, 90],
		[31, "C22_1", 3585, -2222.56, "T", "SMD", "OUT_L+", "", "R", 31.5, 35.43, 0, 90],
		[32, "C22_2", 3585, -2167.44, "T", "SMD", "GND", "GND", "R", 31.5, 35.43, 0, 90],
		[33, "C23_1", 3739.37, -2090, "T", "SMD", "OUT_L+", "", "R", 55.51, 53.15, 0, 180],
		[34, "C23_2", 3660.63, -2090, "T", "SMD", "$1N4989", "", "R", 55.51, 53.15, 0, 180],
		[35, "C24_1", 3660.63, -1515, "T", "SMD", "$1N5053", "", "R", 55.51, 53.15, 0, 0],
		[36, "C24_2", 3739.37, -1515, "T", "SMD", "OUT_L-", "", "R", 55.51, 53.15, 0, 0],
		[37, "C25_1", 1534.2, -2865, "T", "SMD", "$1N6442", "", "R", 14.51, 12.76, 0, 0],
		[38, "C25_2", 1555.8, -2865, "T", "SMD", "GND", "GND", "R", 14.51, 12.76, 0, 0],
		[39, "C26_1", 3425, -2757.7, "T", "SMD", "GND", "GND", "R", 58.47, 68.03, 0, 90],
		[40, "C26_2", 3425, -2632.3, "T", "SMD", "AUDIO_SUBW+", "", "R", 58.47, 68.03, 0, 90],
		[41, "C29_1", 3425, -3447.7, "T", "SMD", "AUDIO_SUBW-", "", "R", 58.47, 68.03, 0, 90],
		[42, "C29_2", 3425, -3322.3, "T", "SMD", "GND", "GND", "R", 58.47, 68.03, 0, 90],
		[43, "C30_1", 3600, -2687.56, "T", "SMD", "GND", "GND", "R", 31.5, 35.43, 0, 90],
		[44, "C30_2", 3600, -2632.44, "T", "SMD", "AUDIO_SUBW+", "", "R", 31.5, 35.43, 0, 90],
		[45, "C32_1", 3695.63, -2760, "T", "SMD", "$1N22357", "", "R", 55.51, 53.15, 0, 0],
		[46, "C32_2", 3774.37, -2760, "T", "SMD", "AUDIO_SUBW+", "", "R", 55.51, 53.15, 0, 0],
		[47, "C35_1", 3595, -3442.56, "T", "SMD", "AUDIO_SUBW-", "", "R", 31.5, 35.43, 0, 90],
		[48, "C35_2", 3595, -3387.44, "T", "SMD", "GND", "GND", "R", 31.5, 35.43, 0, 90],
		[49, "C36_1", 3774.37, -3330, "T", "SMD", "AUDIO_SUBW-", "", "R", 55.51, 53.15, 0, 180],
		[50, "C36_2", 3695.63, -3330, "T", "SMD", "$1N7467", "", "R", 55.51, 53.15, 0, 180],
		[51, "C43_1", 905.63, -2305, "T", "SMD", "GND", "GND", "R", 55.51, 53.15, 0, 0],
		[52, "C43_2", 984.37, -2305, "T", "SMD", "PVCC", "", "R", 55.51, 53.15, 0, 0],
		[53, "C44_1", 575, -2562.44, "T", "SMD", "$1N11392", "", "R", 31.5, 35.43, 0, 270],
		[54, "C44_2", 575, -2617.56, "T", "SMD", "GND", "GND", "R", 31.5, 35.43, 0, 270],
		[55, "C45_1", 1547.56, -2375, "T", "SMD", "$1N11527", "", "R", 31.5, 35.43, 0, 180],
		[56, "C45_2", 1492.44, -2375, "T", "SMD", "IN_P_SUB", "", "R", 31.5, 35.43, 0, 180],
		[57, "C46_1", 1547.56, -2455, "T", "SMD", "$1N11533", "", "R", 31.5, 35.43, 0, 180],
		[58, "C46_2", 1492.44, -2455, "T", "SMD", "IN_N_SUB", "", "R", 31.5, 35.43, 0, 180],
		[59, "C47_1", 210.63, -3500, "B", "SMD", "$1N41306", "", "R", 43.31, 51.18, 0, 0],
		[60, "C47_2", 289.37, -3500, "B", "SMD", "$1N39804", "", "R", 43.31, 51.18, 0, 0],
		[61, "C48_1", 225, -3580.63, "B", "SMD", "$1N41306", "", "R", 43.31, 51.18, 0, 270],
		[62, "C48_2", 225, -3659.37, "B", "SMD", "$1N39840", "", "R", 43.31, 51.18, 0, 270],
		[63, "C49_1", 1272.56, -3470, "B", "SMD", "$1N40894", "", "R", 31.5, 35.43, 0, 180],
		[64, "C49_2", 1217.44, -3470, "B", "SMD", "GND", "GND", "R", 31.5, 35.43, 0, 180],
		[65, "C50_1", 1030, -3305.63, "B", "SMD", "$1N40933", "", "R", 43.31, 51.18, 0, 270],
		[66, "C50_2", 1030, -3384.37, "B", "SMD", "$1N41167", "", "R", 43.31, 51.18, 0, 270],
		[67, "C51_1", 382.56, -3655, "B", "SMD", "SUB_CONN_2.1_LOW_PASS", "", "R", 31.5, 35.43, 0, 180],
		[68, "C51_2", 327.44, -3655, "B", "SMD", "AGND", "", "R", 31.5, 35.43, 0, 180],
		[69, "C52_1", 2275, -1202.44, "T", "SMD", "$1N3797", "", "R", 31.5, 35.43, 0, 270],
		[70, "C52_2", 2275, -1257.56, "T", "SMD", "$1N3803", "", "R", 31.5, 35.43, 0, 270],
		[71, "C53_1", 2275, -1397.56, "T", "SMD", "$1N4001", "", "R", 31.5, 35.43, 0, 90],
		[72, "C53_2", 2275, -1342.44, "T", "SMD", "$1N4006", "", "R", 31.5, 35.43, 0, 90],
		[73, "C54_1", 2350.12, -2359.66, "T", "SMD", "$1N8160", "", "R", 31.5, 35.43, 0, 270],
		[74, "C54_2", 2350.12, -2414.78, "T", "SMD", "$1N8240", "", "R", 31.5, 35.43, 0, 270],
		[75, "C55_1", 2275, -1677.56, "T", "SMD", "$1N3975", "", "R", 31.5, 35.43, 0, 90],
		[76, "C55_2", 2275, -1622.44, "T", "SMD", "$1N3982", "", "R", 31.5, 35.43, 0, 90],
		[77, "C56_1", 2275, -1472.44, "T", "SMD", "$1N3963", "", "R", 31.5, 35.43, 0, 270],
		[78, "C56_2", 2275, -1527.56, "T", "SMD", "$1N3967", "", "R", 31.5, 35.43, 0, 270],
		[79, "C57_1", 2350.12, -2535.73, "T", "SMD", "$1N8164", "", "R", 31.5, 35.43, 0, 90],
		[80, "C57_2", 2350.12, -2480.61, "T", "SMD", "$1N8240", "", "R", 31.5, 35.43, 0, 90],
		[81, "C58_1", 2350.12, -2601.56, "T", "SMD", "$1N8169", "", "R", 31.5, 35.43, 0, 270],
		[82, "C58_2", 2350.12, -2656.68, "T", "SMD", "$1N8252", "", "R", 31.5, 35.43, 0, 270],
		[83, "C59_1", 2350.12, -2777.63, "T", "SMD", "$1N8174", "", "R", 31.5, 35.43, 0, 90],
		[84, "C59_2", 2350.12, -2722.51, "T", "SMD", "$1N8252", "", "R", 31.5, 35.43, 0, 90],
		[85, "C60_1", 2049.65, -2787.96, "T", "SMD", "GND", "GND", "R", 31.5, 35.43, 0, 0],
		[86, "C60_2", 2104.77, -2787.96, "T", "SMD", "PVCC", "", "R", 31.5, 35.43, 0, 0],
		[87, "C61_1", 2049.04, -2256.13, "T", "SMD", "GND", "GND", "R", 31.5, 35.43, 0, 0],
		[88, "C61_2", 2104.16, -2256.13, "T", "SMD", "PVCC", "", "R", 31.5, 35.43, 0, 0],
		[89, "C62_1", 2052.57, -1670.48, "T", "SMD", "GND", "GND", "R", 31.5, 35.43, 0, 0],
		[90, "C62_2", 2107.69, -1670.48, "T", "SMD", "PVCC", "", "R", 31.5, 35.43, 0, 0],
		[91, "C63_1", 2055.42, -1142.37, "T", "SMD", "GND", "GND", "R", 31.5, 35.43, 0, 0],
		[92, "C63_2", 2110.54, -1142.37, "T", "SMD", "PVCC", "", "R", 31.5, 35.43, 0, 0],
		[93, "C64_1", 2055.42, -1067.37, "T", "SMD", "GND", "GND", "R", 31.5, 35.43, 0, 0],
		[94, "C64_2", 2110.54, -1067.37, "T", "SMD", "PVCC", "", "R", 31.5, 35.43, 0, 0],
		[95, "C65_1", 2052.57, -1740.48, "T", "SMD", "GND", "GND", "R", 31.5, 35.43, 0, 0],
		[96, "C65_2", 2107.69, -1740.48, "T", "SMD", "PVCC", "", "R", 31.5, 35.43, 0, 0],
		[97, "C66_1", 2051.67, -2180.99, "T", "SMD", "GND", "GND", "R", 31.5, 35.43, 0, 0],
		[98, "C66_2", 2106.79, -2180.99, "T", "SMD", "PVCC", "", "R", 31.5, 35.43, 0, 0],
		[99, "C67_1", 2050.09, -2862.57, "T", "SMD", "GND", "GND", "R", 31.5, 35.43, 0, 0],
		[100, "C67_2", 2105.21, -2862.57, "T", "SMD", "PVCC", "", "R", 31.5, 35.43, 0, 0],
		[101, "C68_1", 1900, -330, "T", "DIP", "PVCC", "", "C", 62.99, 62.99, 39.37, 90],
		[102, "C68_1", 1900, -330, "B", "DIP", "PVCC", "", "C", 62.99, 62.99, 39.37, 90],
		[103, "C68_2", 1900, -130, "T", "DIP", "GND", "GND", "C", 62.99, 62.99, 39.37, 90],
		[104, "C68_2", 1900, -130, "B", "DIP", "GND", "GND", "C", 62.99, 62.99, 39.37, 90],
		[105, "C69_1", 2325, -330, "T", "DIP", "PVCC", "", "C", 62.99, 62.99, 39.37, 90],
		[106, "C69_1", 2325, -330, "B", "DIP", "PVCC", "", "C", 62.99, 62.99, 39.37, 90],
		[107, "C69_2", 2325, -130, "T", "DIP", "GND", "GND", "C", 62.99, 62.99, 39.37, 90],
		[108, "C69_2", 2325, -130, "B", "DIP", "GND", "GND", "C", 62.99, 62.99, 39.37, 90],
		[109, "C70_1", 1920, -3605, "T", "DIP", "PVCC", "", "C", 62.99, 62.99, 39.37, 270],
		[110, "C70_1", 1920, -3605, "B", "DIP", "PVCC", "", "C", 62.99, 62.99, 39.37, 270],
		[111, "C70_2", 1920, -3805, "T", "DIP", "GND", "GND", "C", 62.99, 62.99, 39.37, 270],
		[112, "C70_2", 1920, -3805, "B", "DIP", "GND", "GND", "C", 62.99, 62.99, 39.37, 270],
		[113, "C71_1", 2345, -3600, "T", "DIP", "PVCC", "", "C", 62.99, 62.99, 39.37, 270],
		[114, "C71_1", 2345, -3600, "B", "DIP", "PVCC", "", "C", 62.99, 62.99, 39.37, 270],
		[115, "C71_2", 2345, -3800, "T", "DIP", "GND", "GND", "C", 62.99, 62.99, 39.37, 270],
		[116, "C71_2", 2345, -3800, "B", "DIP", "GND", "GND", "C", 62.99, 62.99, 39.37, 270],
		[117, "D1_1", 798.74, -3855, "T", "DIP", "GND", "GND", "C", 70.87, 70.87, 43.31, 180],
		[118, "D1_1", 798.74, -3855, "B", "DIP", "GND", "GND", "C", 70.87, 70.87, 43.31, 180],
		[119, "D1_2", 1141.26, -3855, "T", "DIP", "$1N40769", "", "C", 70.87, 70.87, 43.31, 180],
		[120, "D1_2", 1141.26, -3855, "B", "DIP", "$1N40769", "", "C", 70.87, 70.87, 43.31, 180],
		[121, "LED1_1", 78.53, -520, "T", "SMD", "/SD_SUB", "", "R", 31.5, 31.5, 0, 90],
		[122, "LED1_2", 141.48, -520, "T", "SMD", "$1N36468", "", "R", 31.5, 31.5, 0, 90],
		[123, "LED2_1", 78.53, -600, "T", "SMD", "/SD_LR", "", "R", 31.5, 31.5, 0, 90],
		[124, "LED2_2", 141.48, -600, "T", "SMD", "$1N36477", "", "R", 31.5, 31.5, 0, 90],
		[125, "LED3_1", 78.53, -725.13, "T", "SMD", "GND", "GND", "R", 31.5, 31.5, 0, 90],
		[126, "LED3_2", 141.48, -724.87, "T", "SMD", "$1N36525", "", "R", 31.5, 31.5, 0, 90],
		[127, "LED4_1", 78.53, -805.13, "T", "SMD", "GND", "GND", "R", 31.5, 31.5, 0, 90],
		[128, "LED4_2", 141.48, -804.87, "T", "SMD", "$1N36466", "", "R", 31.5, 31.5, 0, 90],
		[129, "Q1_1", 484.37, -1462.4, "T", "SMD", "$1N2014", "", "R", 49.21, 27.56, 0, 0],
		[130, "Q1_2", 484.37, -1387.6, "T", "SMD", "GND", "GND", "R", 49.21, 27.56, 0, 0],
		[131, "Q1_3", 405.63, -1425, "T", "SMD", "$1N1782", "", "R", 49.21, 27.56, 0, 0],
		[132, "Q2_1", 1054.37, -2897.4, "T", "SMD", "$1N11099", "", "R", 49.21, 27.56, 0, 0],
		[133, "Q2_2", 1054.37, -2822.6, "T", "SMD", "GND", "GND", "R", 49.21, 27.56, 0, 0],
		[134, "Q2_3", 975.63, -2860, "T", "SMD", "$1N11098", "", "R", 49.21, 27.56, 0, 0],
		[135, "R1_1", 1009.94, -506.03, "T", "SMD", "/SD_LR", "", "R", 47.54, 66.97, 0, 90],
		[136, "R1_2", 1009.94, -389.59, "T", "SMD", "PVCC", "", "R", 47.54, 66.97, 0, 90],
		[137, "R2_1", 1015, -913.22, "T", "SMD", "$1N2014", "", "R", 47.54, 66.97, 0, 90],
		[138, "R2_2", 1015, -796.78, "T", "SMD", "/SD_LR", "", "R", 47.54, 66.97, 0, 90],
		[139, "R3_1", 1114.94, -506.03, "T", "SMD", "$1N1782", "", "R", 47.54, 66.97, 0, 90],
		[140, "R3_2", 1114.94, -389.59, "T", "SMD", "PVCC", "", "R", 47.54, 66.97, 0, 90],
		[141, "R4_1", 285.73, -1378.57, "T", "SMD", "$1N2940", "", "R", 47.54, 66.97, 0, 90],
		[142, "R4_2", 285.73, -1262.13, "T", "SMD", "$1N2981", "", "R", 47.54, 66.97, 0, 90],
		[143, "R5_1", 240, -1564.66, "T", "SMD", "GND", "GND", "R", 31.75, 34.02, 0, 90],
		[144, "R5_2", 240, -1505.34, "T", "SMD", "$1N2940", "", "R", 31.75, 34.02, 0, 90],
		[145, "R6_1", 480, -1594.66, "T", "SMD", "MUTE_L/R", "", "R", 31.75, 34.02, 0, 90],
		[146, "R6_2", 480, -1535.34, "T", "SMD", "$1N2014", "", "R", 31.75, 34.02, 0, 90],
		[147, "R7_1", 3455, -574.51, "T", "SMD", "GND", "GND", "R", 11.93, 12.76, 0, 90],
		[148, "R7_2", 3455, -555.49, "T", "SMD", "$1N4665", "", "R", 11.93, 12.76, 0, 90],
		[149, "R8_1", 3455, -674.51, "T", "SMD", "$1N4702", "", "R", 11.93, 12.76, 0, 90],
		[150, "R8_2", 3455, -655.49, "T", "SMD", "GND", "GND", "R", 11.93, 12.76, 0, 90],
		[151, "R9_1", 3430, -1714.51, "T", "SMD", "GND", "GND", "R", 11.93, 12.76, 0, 90],
		[152, "R9_2", 3430, -1695.49, "T", "SMD", "$1N5053", "", "R", 11.93, 12.76, 0, 90],
		[153, "R10_1", 3430, -1829.51, "T", "SMD", "$1N4989", "", "R", 11.93, 12.76, 0, 90],
		[154, "R10_2", 3430, -1810.49, "T", "SMD", "GND", "GND", "R", 11.93, 12.76, 0, 90],
		[155, "R12_1", 3535, -2934.51, "T", "SMD", "GND", "GND", "R", 11.93, 12.76, 0, 90],
		[156, "R12_2", 3535, -2915.49, "T", "SMD", "$1N22357", "", "R", 11.93, 12.76, 0, 90],
		[157, "R15_1", 3535, -3084.51, "T", "SMD", "$1N7467", "", "R", 11.93, 12.76, 0, 90],
		[158, "R15_2", 3535, -3065.49, "T", "SMD", "GND", "GND", "R", 11.93, 12.76, 0, 90],
		[159, "R16_1", 881.78, -2150, "T", "SMD", "/SD_SUB", "", "R", 47.54, 66.97, 0, 0],
		[160, "R16_2", 998.22, -2150, "T", "SMD", "PVCC", "", "R", 47.54, 66.97, 0, 0],
		[161, "R17_1", 736.78, -3070, "T", "SMD", "$1N11099", "", "R", 47.54, 66.97, 0, 0],
		[162, "R17_2", 853.22, -3070, "T", "SMD", "/SD_SUB", "", "R", 47.54, 66.97, 0, 0],
		[163, "R18_1", 741.78, -3225, "T", "SMD", "$1N11098", "", "R", 47.54, 66.97, 0, 0],
		[164, "R18_2", 858.22, -3225, "T", "SMD", "PVCC", "", "R", 47.54, 66.97, 0, 0],
		[165, "R19_1", 765.34, -2900, "T", "SMD", "MUTE_SUB", "", "R", 31.75, 34.02, 0, 0],
		[166, "R19_2", 824.66, -2900, "T", "SMD", "$1N11099", "", "R", 31.75, 34.02, 0, 0],
		[167, "R20_1", 791.97, -2521.87, "T", "SMD", "$1N11394", "", "R", 44.59, 54.21, 0, 90],
		[168, "R20_2", 791.97, -2443.13, "T", "SMD", "$1N11392", "", "R", 44.59, 54.21, 0, 90],
		[169, "R21_1", 790, -2704.37, "T", "SMD", "GND", "GND", "R", 44.59, 54.21, 0, 90],
		[170, "R21_2", 790, -2625.63, "T", "SMD", "$1N11394", "", "R", 44.59, 54.21, 0, 90],
		[171, "R22_1", 475, -1859.37, "T", "SMD", "$1N12103", "", "R", 44.59, 54.21, 0, 90],
		[172, "R22_2", 475, -1780.63, "T", "SMD", "SUB_CONN_SEP", "", "R", 44.59, 54.21, 0, 90],
		[173, "R23_1", 585, -1859.37, "T", "SMD", "$1N12107", "", "R", 44.59, 54.21, 0, 90],
		[174, "R23_2", 585, -1780.63, "T", "SMD", "SUB_CONN_SEP", "", "R", 44.59, 54.21, 0, 90],
		[175, "R34_1", 374.66, -805, "T", "SMD", "/SD_SUB", "", "R", 31.75, 34.02, 0, 180],
		[176, "R34_2", 315.34, -805, "T", "SMD", "$1N36466", "", "R", 31.75, 34.02, 0, 180],
		[177, "R35_1", 315.34, -520, "T", "SMD", "$1N36468", "", "R", 31.75, 34.02, 0, 0],
		[178, "R35_2", 374.66, -520, "T", "SMD", "PVCC", "", "R", 31.75, 34.02, 0, 0],
		[179, "R36_1", 315.34, -600, "T", "SMD", "$1N36477", "", "R", 31.75, 34.02, 0, 0],
		[180, "R36_2", 374.66, -600, "T", "SMD", "PVCC", "", "R", 31.75, 34.02, 0, 0],
		[181, "R37_1", 374.66, -725, "T", "SMD", "/SD_LR", "", "R", 31.75, 34.02, 0, 180],
		[182, "R37_2", 315.34, -725, "T", "SMD", "$1N36525", "", "R", 31.75, 34.02, 0, 180],
		[183, "R38_1", 615, -3187.96, "T", "SMD", "IN_P_LEFT", "", "R", 22.27, 21.26, 0, 270],
		[184, "R38_2", 615, -3222.04, "T", "SMD", "$1N39804", "", "R", 22.27, 21.26, 0, 270],
		[185, "R39_1", 122.96, -3730, "B", "SMD", "AGND", "", "R", 22.27, 21.26, 0, 0],
		[186, "R39_2", 157.04, -3730, "B", "SMD", "$1N39840", "", "R", 22.27, 21.26, 0, 0],
		[187, "R40_1", 1635.63, -3685, "B", "SMD", "$1N40769", "", "R", 44.59, 54.21, 0, 0],
		[188, "R40_2", 1714.37, -3685, "B", "SMD", "PVCC", "", "R", 44.59, 54.21, 0, 0],
		[189, "R41_1", 435.63, -3220, "B", "SMD", "$1N41301", "", "R", 44.59, 54.21, 0, 0],
		[190, "R41_2", 514.37, -3220, "B", "SMD", "$1N40769", "", "R", 44.59, 54.21, 0, 0],
		[191, "R42_1", 664.37, -3555, "B", "SMD", "GND", "GND", "R", 44.59, 54.21, 0, 180],
		[192, "R42_2", 585.63, -3555, "B", "SMD", "$1N41301", "", "R", 44.59, 54.21, 0, 180],
		[193, "R43_1", 664.37, -3630, "T", "SMD", "AGND", "", "R", 44.59, 54.21, 0, 180],
		[194, "R43_2", 585.63, -3630, "T", "SMD", "SUB_CONN_2.1_LOW_PASS", "", "R", 44.59, 54.21, 0, 180],
		[195, "R44_1", 403.96, -3821.26, "T", "DIP", "AGND", "", "C", 60, 60, 30, 0],
		[196, "R44_1", 403.96, -3821.26, "B", "DIP", "AGND", "", "C", 60, 60, 30, 0],
		[197, "R44_2", 502.39, -3821.26, "T", "DIP", "SUB_CONN_2.1_LOW_PASS", "", "C", 60, 60, 30, 0],
		[198, "R44_2", 502.39, -3821.26, "B", "DIP", "SUB_CONN_2.1_LOW_PASS", "", "C", 60, 60, 30, 0],
		[199, "R44_3", 600.81, -3821.26, "T", "DIP", "$1N41167", "", "C", 60, 60, 30, 0],
		[200, "R44_3", 600.81, -3821.26, "B", "DIP", "$1N41167", "", "C", 60, 60, 30, 0],
		[201, "R45_1", 215, -3345.34, "B", "SMD", "$1N41351", "", "R", 31.75, 34.02, 0, 270],
		[202, "R45_2", 215, -3404.66, "B", "SMD", "$1N41306", "", "R", 31.75, 34.02, 0, 270],
		[203, "R46_1", 880.34, -3310, "B", "SMD", "$1N41118", "", "R", 31.75, 34.02, 0, 0],
		[204, "R46_2", 939.66, -3310, "B", "SMD", "$1N40933", "", "R", 31.75, 34.02, 0, 0],
		[205, "R47_1", 1825, -1897.96, "T", "SMD", "$1N6437", "", "R", 22.27, 21.26, 0, 270],
		[206, "R47_2", 1825, -1932.04, "T", "SMD", "$1N6442", "", "R", 22.27, 21.26, 0, 270],
		[207, "SW1_1", 293.11, -1883.42, "T", "DIP", "SUB_CONN_2.1_LOW_PASS", "", "R", 60, 60, 39.37, 90],
		[208, "SW1_1", 293.11, -1883.42, "B", "DIP", "SUB_CONN_2.1_LOW_PASS", "", "R", 60, 60, 39.37, 90],
		[209, "SW1_2", 293.11, -1785, "T", "DIP", "SUB_CONN_SEP", "", "C", 60, 60, 39.37, 90],
		[210, "SW1_2", 293.11, -1785, "B", "DIP", "SUB_CONN_SEP", "", "C", 60, 60, 39.37, 90],
		[211, "SW1_3", 293.11, -1686.58, "T", "DIP", "IN_P_SUB", "", "C", 60, 60, 39.37, 90],
		[212, "SW1_3", 293.11, -1686.58, "B", "DIP", "IN_P_SUB", "", "C", 60, 60, 39.37, 90],
		[213, "SW1_4", 56.89, -1883.42, "T", "DIP", "IN_N_SUB", "", "C", 60, 60, 39.37, 90],
		[214, "SW1_4", 56.89, -1883.42, "B", "DIP", "IN_N_SUB", "", "C", 60, 60, 39.37, 90],
		[215, "SW1_5", 56.89, -1785, "T", "DIP", "AGND", "", "C", 60, 60, 39.37, 90],
		[216, "SW1_5", 56.89, -1785, "B", "DIP", "AGND", "", "C", 60, 60, 39.37, 90],
		[217, "SW1_6", 56.89, -1686.58, "T", "DIP", "AGND", "", "C", 60, 60, 39.37, 90],
		[218, "SW1_6", 56.89, -1686.58, "B", "DIP", "AGND", "", "C", 60, 60, 39.37, 90],
		[219, "U1_1", 1823.41, -1208.07, "T", "SMD", "GND", "GND", "O", 13.5, 68.76, 0, 270],
		[220, "U1_2", 1823.41, -1233.66, "T", "SMD", "/SD_LR", "", "O", 13.5, 68.76, 0, 270],
		[221, "U1_3", 1823.41, -1259.25, "T", "SMD", "/SD_LR", "", "O", 13.5, 68.76, 0, 270],
		[222, "U1_4", 1823.41, -1284.84, "T", "SMD", "$1N2219", "", "O", 13.5, 68.76, 0, 270],
		[223, "U1_5", 1823.41, -1310.43, "T", "SMD", "$1N2228", "", "O", 13.5, 68.76, 0, 270],
		[224, "U1_6", 1823.41, -1336.02, "T", "SMD", "$1N2981", "", "O", 13.5, 68.76, 0, 270],
		[225, "U1_7", 1823.41, -1361.61, "T", "SMD", "$1N2981", "", "O", 13.5, 68.76, 0, 270],
		[226, "U1_8", 1823.41, -1387.21, "T", "SMD", "$1N2940", "", "O", 13.5, 68.76, 0, 270],
		[227, "U1_9", 1823.41, -1412.8, "T", "SMD", "GND", "GND", "O", 13.5, 68.76, 0, 270],
		[228, "U1_10", 1823.41, -1438.39, "T", "SMD", "$1N2235", "", "O", 13.5, 68.76, 0, 270],
		[229, "U1_11", 1823.41, -1463.98, "T", "SMD", "$1N2241", "", "O", 13.5, 68.76, 0, 270],
		[230, "U1_12", 1823.41, -1489.57, "T", "SMD", "$1N1782", "", "O", 13.5, 68.76, 0, 270],
		[231, "U1_13", 1823.41, -1515.16, "T", "SMD", "GND", "GND", "O", 13.5, 68.76, 0, 270],
		[232, "U1_14", 1823.41, -1540.75, "T", "SMD", "GND", "GND", "O", 13.5, 68.76, 0, 270],
		[233, "U1_15", 1823.41, -1566.34, "T", "SMD", "GND", "GND", "O", 13.5, 68.76, 0, 270],
		[234, "U1_16", 1823.41, -1591.93, "T", "SMD", "$1N6437", "", "O", 13.5, 68.76, 0, 270],
		[235, "U1_17", 2116.59, -1591.93, "T", "SMD", "PVCC", "", "O", 13.5, 68.76, 0, 270],
		[236, "U1_18", 2116.59, -1566.34, "T", "SMD", "PVCC", "", "O", 13.5, 68.76, 0, 270],
		[237, "U1_19", 2116.59, -1540.75, "T", "SMD", "PVCC", "", "O", 13.5, 68.76, 0, 270],
		[238, "U1_20", 2116.59, -1515.16, "T", "SMD", "$1N3975", "", "O", 13.5, 68.76, 0, 270],
		[239, "U1_21", 2116.59, -1489.57, "T", "SMD", "$1N3982", "", "O", 13.5, 68.76, 0, 270],
		[240, "U1_22", 2116.59, -1463.98, "T", "SMD", "GND", "GND", "O", 13.5, 68.76, 0, 270],
		[241, "U1_23", 2116.59, -1438.39, "T", "SMD", "$1N3967", "", "O", 13.5, 68.76, 0, 270],
		[242, "U1_24", 2116.59, -1412.8, "T", "SMD", "$1N3963", "", "O", 13.5, 68.76, 0, 270],
		[243, "U1_25", 2116.59, -1387.21, "T", "SMD", "GND", "GND", "O", 13.5, 68.76, 0, 270],
		[244, "U1_26", 2116.59, -1361.61, "T", "SMD", "$1N4001", "", "O", 13.5, 68.76, 0, 270],
		[245, "U1_27", 2116.59, -1336.02, "T", "SMD", "$1N4006", "", "O", 13.5, 68.76, 0, 270],
		[246, "U1_28", 2116.59, -1310.43, "T", "SMD", "GND", "GND", "O", 13.5, 68.76, 0, 270],
		[247, "U1_29", 2116.59, -1284.84, "T", "SMD", "$1N3803", "", "O", 13.5, 68.76, 0, 270],
		[248, "U1_30", 2116.59, -1259.25, "T", "SMD", "$1N3797", "", "O", 13.5, 68.76, 0, 270],
		[249, "U1_31", 2116.59, -1233.66, "T", "SMD", "PVCC", "", "O", 13.5, 68.76, 0, 270],
		[250, "U1_32", 2116.59, -1208.07, "T", "SMD", "PVCC", "", "O", 13.5, 68.76, 0, 270],
		[251, "U2_1", 1823.41, -2333.07, "T", "SMD", "GND", "GND", "O", 13.5, 68.76, 0, 270],
		[252, "U2_2", 1823.41, -2358.66, "T", "SMD", "/SD_SUB", "", "O", 13.5, 68.76, 0, 270],
		[253, "U2_3", 1823.41, -2384.25, "T", "SMD", "/SD_SUB", "", "O", 13.5, 68.76, 0, 270],
		[254, "U2_4", 1823.41, -2409.84, "T", "SMD", "$1N11527", "", "O", 13.5, 68.76, 0, 270],
		[255, "U2_5", 1823.41, -2435.43, "T", "SMD", "$1N11533", "", "O", 13.5, 68.76, 0, 270],
		[256, "U2_6", 1823.41, -2461.02, "T", "SMD", "$1N11392", "", "O", 13.5, 68.76, 0, 270],
		[257, "U2_7", 1823.41, -2486.61, "T", "SMD", "$1N11392", "", "O", 13.5, 68.76, 0, 270],
		[258, "U2_8", 1823.41, -2512.21, "T", "SMD", "$1N11394", "", "O", 13.5, 68.76, 0, 270],
		[259, "U2_9", 1823.41, -2537.8, "T", "SMD", "GND", "GND", "O", 13.5, 68.76, 0, 270],
		[260, "U2_10", 1823.41, -2563.39, "T", "SMD", "GND", "GND", "O", 13.5, 68.76, 0, 270],
		[261, "U2_11", 1823.41, -2588.98, "T", "SMD", "GND", "GND", "O", 13.5, 68.76, 0, 270],
		[262, "U2_12", 1823.41, -2614.57, "T", "SMD", "$1N11098", "", "O", 13.5, 68.76, 0, 270],
		[263, "U2_13", 1823.41, -2640.16, "T", "SMD", "GND", "GND", "O", 13.5, 68.76, 0, 270],
		[264, "U2_14", 1823.41, -2665.75, "T", "SMD", "GND", "GND", "O", 13.5, 68.76, 0, 270],
		[265, "U2_15", 1823.41, -2691.34, "T", "SMD", "GND", "GND", "O", 13.5, 68.76, 0, 270],
		[266, "U2_16", 1823.41, -2716.93, "T", "SMD", "$1N6442", "", "O", 13.5, 68.76, 0, 270],
		[267, "U2_17", 2116.59, -2716.93, "T", "SMD", "PVCC", "", "O", 13.5, 68.76, 0, 270],
		[268, "U2_18", 2116.59, -2691.34, "T", "SMD", "PVCC", "", "O", 13.5, 68.76, 0, 270],
		[269, "U2_19", 2116.59, -2665.75, "T", "SMD", "PVCC", "", "O", 13.5, 68.76, 0, 270],
		[270, "U2_20", 2116.59, -2640.16, "T", "SMD", "$1N8174", "", "O", 13.5, 68.76, 0, 270],
		[271, "U2_21", 2116.59, -2614.57, "T", "SMD", "$1N8252", "", "O", 13.5, 68.76, 0, 270],
		[272, "U2_22", 2116.59, -2588.98, "T", "SMD", "GND", "GND", "O", 13.5, 68.76, 0, 270],
		[273, "U2_23", 2116.59, -2563.39, "T", "SMD", "$1N8252", "", "O", 13.5, 68.76, 0, 270],
		[274, "U2_24", 2116.59, -2537.8, "T", "SMD", "$1N8169", "", "O", 13.5, 68.76, 0, 270],
		[275, "U2_25", 2116.59, -2512.21, "T", "SMD", "GND", "GND", "O", 13.5, 68.76, 0, 270],
		[276, "U2_26", 2116.59, -2486.61, "T", "SMD", "$1N8164", "", "O", 13.5, 68.76, 0, 270],
		[277, "U2_27", 2116.59, -2461.02, "T", "SMD", "$1N8240", "", "O", 13.5, 68.76, 0, 270],
		[278, "U2_28", 2116.59, -2435.43, "T", "SMD", "GND", "GND", "O", 13.5, 68.76, 0, 270],
		[279, "U2_29", 2116.59, -2409.84, "T", "SMD", "$1N8240", "", "O", 13.5, 68.76, 0, 270],
		[280, "U2_30", 2116.59, -2384.25, "T", "SMD", "$1N8160", "", "O", 13.5, 68.76, 0, 270],
		[281, "U2_31", 2116.59, -2358.66, "T", "SMD", "PVCC", "", "O", 13.5, 68.76, 0, 270],
		[282, "U2_32", 2116.59, -2333.07, "T", "SMD", "PVCC", "", "O", 13.5, 68.76, 0, 270],
		[283, "U3_1", 155, -308.43, "T", "DIP", "GND", "GND", "C", 78.74, 78.74, 47.24, 90],
		[284, "U3_1", 155, -308.43, "B", "DIP", "GND", "GND", "C", 78.74, 78.74, 47.24, 90],
		[285, "U3_2", 155, -111.57, "T", "DIP", "PVCC", "", "C", 78.74, 78.74, 47.24, 90],
		[286, "U3_2", 155, -111.57, "B", "DIP", "PVCC", "", "C", 78.74, 78.74, 47.24, 90],
		[287, "U4_2", 92.21, -1128.58, "T", "DIP", "AGND", "", "O", 62.99, 39.37, 47.24, 0],
		[288, "U4_2", 92.21, -1128.58, "B", "DIP", "AGND", "", "O", 62.99, 39.37, 47.24, 0],
		[289, "U4_3", 170.94, -951.42, "T", "DIP", "IN_P_RIGHT", "", "O", 62.99, 39.37, 47.24, 0],
		[290, "U4_3", 170.94, -951.42, "B", "DIP", "IN_P_RIGHT", "", "O", 62.99, 39.37, 47.24, 0],
		[291, "U4_4", 367.79, -1120.71, "T", "DIP", "IN_P_LEFT", "", "O", 62.99, 39.37, 47.24, 0],
		[292, "U4_4", 367.79, -1120.71, "B", "DIP", "IN_P_LEFT", "", "O", 62.99, 39.37, 47.24, 0],
		[293, "U22_2", 87.21, -2498.58, "T", "DIP", "AGND", "", "O", 62.99, 39.37, 47.24, 0],
		[294, "U22_2", 87.21, -2498.58, "B", "DIP", "AGND", "", "O", 62.99, 39.37, 47.24, 0],
		[295, "U22_3", 165.94, -2321.42, "T", "DIP", "$1N12103", "", "O", 62.99, 39.37, 47.24, 0],
		[296, "U22_3", 165.94, -2321.42, "B", "DIP", "$1N12103", "", "O", 62.99, 39.37, 47.24, 0],
		[297, "U22_4", 362.79, -2490.71, "T", "DIP", "$1N12107", "", "O", 62.99, 39.37, 47.24, 0],
		[298, "U22_4", 362.79, -2490.71, "B", "DIP", "$1N12107", "", "O", 62.99, 39.37, 47.24, 0],
		[299, "U23_1", 244.36, -2095, "T", "SMD", "MUTE_L/R", "", "R", 29.92, 66.93, 0, 270],
		[300, "U23_2", 244.93, -2045, "T", "SMD", "MUTE_SUB", "", "R", 29.92, 66.93, 0, 270],
		[301, "U23_3", 75.07, -2045, "T", "SMD", "GND", "GND", "R", 29.92, 66.93, 0, 270],
		[302, "U23_4", 75.07, -2095, "T", "SMD", "GND", "GND", "R", 29.92, 66.93, 0, 270],
		[303, "U24_1", 2758.78, -415, "T", "SMD", "$1N3803", "", "R", 118.11, 196.85, 0, 0],
		[304, "U24_2", 3231.22, -415, "T", "SMD", "OUT_R+", "", "R", 118.11, 196.85, 0, 0],
		[305, "U25_1", 2758.78, -1000, "T", "SMD", "$1N4006", "", "R", 118.11, 196.85, 0, 0],
		[306, "U25_2", 3231.22, -1000, "T", "SMD", "OUT_R-", "", "R", 118.11, 196.85, 0, 0],
		[307, "U26_1", 2758.78, -1620, "T", "SMD", "$1N3967", "", "R", 118.11, 196.85, 0, 0],
		[308, "U26_2", 3231.22, -1620, "T", "SMD", "OUT_L-", "", "R", 118.11, 196.85, 0, 0],
		[309, "U27_1", 2758.78, -2225, "T", "SMD", "$1N3982", "", "R", 118.11, 196.85, 0, 0],
		[310, "U27_2", 3231.22, -2225, "T", "SMD", "OUT_L+", "", "R", 118.11, 196.85, 0, 0],
		[311, "U28_1", 2758.78, -2825, "T", "SMD", "$1N8240", "", "R", 118.11, 196.85, 0, 0],
		[312, "U28_2", 3231.22, -2825, "T", "SMD", "AUDIO_SUBW+", "", "R", 118.11, 196.85, 0, 0],
		[313, "U29_1", 2753.78, -3445, "T", "SMD", "$1N8252", "", "R", 118.11, 196.85, 0, 0],
		[314, "U29_2", 3226.22, -3445, "T", "SMD", "AUDIO_SUBW-", "", "R", 118.11, 196.85, 0, 0],
		[315, "U30_1", 3770, -2946.58, "T", "DIP", "AUDIO_SUBW+", "", "C", 78.74, 78.74, 47.24, 270],
		[316, "U30_1", 3770, -2946.58, "B", "DIP", "AUDIO_SUBW+", "", "C", 78.74, 78.74, 47.24, 270],
		[317, "U30_2", 3770, -3143.42, "T", "DIP", "AUDIO_SUBW-", "", "C", 78.74, 78.74, 47.24, 270],
		[318, "U30_2", 3770, -3143.42, "B", "DIP", "AUDIO_SUBW-", "", "C", 78.74, 78.74, 47.24, 270],
		[319, "U31_1", 1433.19, -823.19, "T", "DIP", "$1N17569", "", "C", 118.11, 118.11, 70.87, 0],
		[320, "U31_1", 1433.19, -823.19, "B", "DIP", "$1N17569", "", "C", 118.11, 118.11, 70.87, 0],
		[321, "U31_2", 2456.81, -1846.81, "T", "DIP", "GND", "GND", "C", 118.11, 118.11, 70.87, 0],
		[322, "U31_2", 2456.81, -1846.81, "B", "DIP", "GND", "GND", "C", 118.11, 118.11, 70.87, 0],
		[323, "U32_1", 1433.19, -2258.19, "T", "DIP", "$1N17569", "", "C", 118.11, 118.11, 70.87, 0],
		[324, "U32_1", 1433.19, -2258.19, "B", "DIP", "$1N17569", "", "C", 118.11, 118.11, 70.87, 0],
		[325, "U32_2", 2456.81, -3281.81, "T", "DIP", "GND", "GND", "C", 118.11, 118.11, 70.87, 0],
		[326, "U32_2", 2456.81, -3281.81, "B", "DIP", "GND", "GND", "C", 118.11, 118.11, 70.87, 0],
		[327, "U34_1", 715, -550.64, "T", "SMD", "GND", "GND", "R", 29.92, 66.93, 0, 0],
		[328, "U34_2", 665, -550.07, "T", "SMD", "GND", "GND", "R", 29.92, 66.93, 0, 0],
		[329, "U34_3", 665, -719.93, "T", "SMD", "/SD_SUB", "", "R", 29.92, 66.93, 0, 0],
		[330, "U34_4", 715, -719.93, "T", "SMD", "/SD_LR", "", "R", 29.92, 66.93, 0, 0],
		[331, "U35_1", 733.97, -3300, "B", "SMD", "$1N41118", "", "O", 22.6, 80.14, 0, 270],
		[332, "U35_2", 733.97, -3350, "B", "SMD", "$1N40933", "", "O", 22.6, 80.14, 0, 270],
		[333, "U35_3", 733.97, -3400, "B", "SMD", "$1N40894", "", "O", 22.6, 80.14, 0, 270],
		[334, "U35_4", 733.97, -3450, "B", "SMD", "GND", "GND", "O", 22.6, 80.14, 0, 270],
		[335, "U35_5", 516.03, -3450, "B", "SMD", "$1N41301", "", "O", 22.6, 80.14, 0, 270],
		[336, "U35_6", 516.03, -3400, "B", "SMD", "$1N41306", "", "O", 22.6, 80.14, 0, 270],
		[337, "U35_7", 516.03, -3350, "B", "SMD", "$1N41351", "", "O", 22.6, 80.14, 0, 270],
		[338, "U35_8", 516.03, -3300, "B", "SMD", "$1N40769", "", "O", 22.6, 80.14, 0, 270],
		[339, "U36_1", 340, -3396.46, "B", "SMD", "$1N41306", "", "R", 31.11, 21.26, 0, 90],
		[340, "U36_2", 340, -3353.54, "B", "SMD", "$1N41351", "", "R", 31.11, 21.26, 0, 90],
		[341, "U37_1", 1235, -3315.34, "B", "SMD", "$1N40897", "", "R", 31.75, 34.02, 0, 270],
		[342, "U37_2", 1235, -3374.66, "B", "SMD", "$1N40894", "", "R", 31.75, 34.02, 0, 270],
		[343, "U38_1", 755, -3184.66, "B", "SMD", "$1N41351", "", "R", 31.75, 34.02, 0, 90],
		[344, "U38_2", 755, -3125.34, "B", "SMD", "$1N40897", "", "R", 31.75, 34.02, 0, 90],
		[345, "U41_1", 1045, -3204.2, "B", "SMD", "$1N40897", "", "R", 14.51, 12.76, 0, 270],
		[346, "U41_2", 1045, -3225.8, "B", "SMD", "$1N40933", "", "R", 14.51, 12.76, 0, 270],
		[347, "U42_1", 3775, -521.58, "T", "DIP", "OUT_R+", "", "C", 78.74, 78.74, 47.24, 270],
		[348, "U42_1", 3775, -521.58, "B", "DIP", "OUT_R+", "", "C", 78.74, 78.74, 47.24, 270],
		[349, "U42_2", 3775, -718.42, "T", "DIP", "OUT_R-", "", "C", 78.74, 78.74, 47.24, 270],
		[350, "U42_2", 3775, -718.42, "B", "DIP", "OUT_R-", "", "C", 78.74, 78.74, 47.24, 270],
		[351, "U43_1", 3780, -1696.58, "T", "DIP", "OUT_L-", "", "C", 78.74, 78.74, 47.24, 270],
		[352, "U43_1", 3780, -1696.58, "B", "DIP", "OUT_L-", "", "C", 78.74, 78.74, 47.24, 270],
		[353, "U43_2", 3780, -1893.42, "T", "DIP", "OUT_L+", "", "C", 78.74, 78.74, 47.24, 270],
		[354, "U43_2", 3780, -1893.42, "B", "DIP", "OUT_L+", "", "C", 78.74, 78.74, 47.24, 270],
		[355, "USB1_1", 1375, -3696.1, "T", "DIP", "$1N40769", "", "C", 62.99, 62.99, 39.37, 0],
		[356, "USB1_1", 1375, -3696.1, "B", "DIP", "$1N40769", "", "C", 62.99, 62.99, 39.37, 0],
		[357, "USB1_2", 1375, -3833.9, "T", "DIP", "GND", "GND", "C", 62.99, 62.99, 39.37, 0],
		[358, "USB1_2", 1375, -3833.9, "B", "DIP", "GND", "GND", "C", 62.99, 62.99, 39.37, 0]
	]
}
}